{
    "__inputs": [ ],
    "annotations": {
      "list": [
        {
          "builtIn": 1,
          "datasource": "-- Grafana --",
          "enable": true,
          "hide": true,
          "iconColor": "rgba(0, 211, 255, 1)",
          "name": "Annotations & Alerts",
          "type": "dashboard"
        }
      ]
    },
    "editable": true,
    "gnetId": null,
    "graphTooltip": 0,
    "id": 4,
    "links": [],
    "panels": [
      {
        "aliasColors": {},
        "bars": false,
        "dashLength": 10,
        "dashes": false,
        "datasource": "Prometheus",
        "decimals": 0,
        "description": "The number of incoming messages separated out by client connection",
        "editable": true,
        "error": false,
        "fill": 1,
        "fillGradient": 0,
        "grid": {},
        "gridPos": {
          "h": 9,
          "w": 12,
          "x": 0,
          "y": 0
        },
        "hiddenSeries": false,
        "id": 4,
        "isNew": true,
        "legend": {
          "alignAsTable": true,
          "avg": false,
          "current": true,
          "max": false,
          "min": false,
          "rightSide": true,
          "show": true,
          "total": false,
          "values": true
        },
        "lines": true,
        "linewidth": 2,
        "links": [],
        "nullPointMode": "null as zero",
        "options": {
          "dataLinks": []
        },
        "percentage": false,
        "pointradius": 5,
        "points": false,
        "renderer": "flot",
        "seriesOverrides": [],
        "spaceLength": 10,
        "stack": false,
        "steppedLine": false,
        "targets": [
          {
            "expr": "gnatds_clients_in_msgs_total",
            "interval": "",
            "intervalFactor": 1,
            "legendFormat": "{{clientname}}",
            "metric": "gnatsd_varz_in_msgs",
            "refId": "A",
            "step": 10
          }
        ],
        "thresholds": [],
        "timeFrom": null,
        "timeRegions": [],
        "timeShift": null,
        "title": "NATS Clients Msgs In",
        "tooltip": {
          "msResolution": false,
          "shared": true,
          "sort": 0,
          "value_type": "cumulative"
        },
        "type": "graph",
        "xaxis": {
          "buckets": null,
          "mode": "time",
          "name": null,
          "show": true,
          "values": []
        },
        "yaxes": [
          {
            "format": "short",
            "label": null,
            "logBase": 1,
            "max": null,
            "min": null,
            "show": true
          },
          {
            "decimals": 0,
            "format": "short",
            "label": "",
            "logBase": 1,
            "max": null,
            "min": null,
            "show": true
          }
        ],
        "yaxis": {
          "align": false,
          "alignLevel": null
        }
      },
      {
        "aliasColors": {},
        "bars": false,
        "dashLength": 10,
        "dashes": false,
        "datasource": "Prometheus",
        "decimals": 0,
        "description": "The number of outgoing messages separated out by client connection",
        "editable": true,
        "error": false,
        "fill": 1,
        "fillGradient": 0,
        "grid": {},
        "gridPos": {
          "h": 9,
          "w": 12,
          "x": 12,
          "y": 0
        },
        "hiddenSeries": false,
        "id": 2,
        "isNew": true,
        "legend": {
          "alignAsTable": true,
          "avg": false,
          "current": true,
          "max": false,
          "min": false,
          "rightSide": true,
          "show": true,
          "total": false,
          "values": true
        },
        "lines": true,
        "linewidth": 2,
        "links": [],
        "nullPointMode": "null as zero",
        "options": {
          "dataLinks": []
        },
        "percentage": false,
        "pointradius": 5,
        "points": false,
        "renderer": "flot",
        "seriesOverrides": [],
        "spaceLength": 10,
        "stack": false,
        "steppedLine": false,
        "targets": [
          {
            "expr": "gnatds_clients_out_msgs_total",
            "interval": "",
            "intervalFactor": 1,
            "legendFormat": "{{clientname}}",
            "metric": "gnatsd_varz_in_msgs",
            "refId": "A",
            "step": 10
          }
        ],
        "thresholds": [],
        "timeFrom": null,
        "timeRegions": [],
        "timeShift": null,
        "title": "NATS Clients Msgs Out",
        "tooltip": {
          "msResolution": false,
          "shared": true,
          "sort": 0,
          "value_type": "cumulative"
        },
        "type": "graph",
        "xaxis": {
          "buckets": null,
          "mode": "time",
          "name": null,
          "show": true,
          "values": []
        },
        "yaxes": [
          {
            "format": "short",
            "label": null,
            "logBase": 1,
            "max": null,
            "min": null,
            "show": true
          },
          {
            "decimals": 0,
            "format": "short",
            "label": "",
            "logBase": 1,
            "max": null,
            "min": null,
            "show": true
          }
        ],
        "yaxis": {
          "align": false,
          "alignLevel": null
        }
      },
      {
        "aliasColors": {},
        "bars": false,
        "dashLength": 10,
        "dashes": false,
        "datasource": "Prometheus",
        "decimals": 0,
        "description": "The number of incoming bytes separated out by client connection",
        "editable": true,
        "error": false,
        "fill": 1,
        "fillGradient": 0,
        "grid": {},
        "gridPos": {
          "h": 9,
          "w": 12,
          "x": 0,
          "y": 9
        },
        "hiddenSeries": false,
        "id": 6,
        "isNew": true,
        "legend": {
          "alignAsTable": true,
          "avg": false,
          "current": true,
          "max": false,
          "min": false,
          "rightSide": true,
          "show": true,
          "total": false,
          "values": true
        },
        "lines": true,
        "linewidth": 2,
        "links": [],
        "nullPointMode": "null as zero",
        "options": {
          "dataLinks": []
        },
        "percentage": false,
        "pointradius": 5,
        "points": false,
        "renderer": "flot",
        "seriesOverrides": [],
        "spaceLength": 10,
        "stack": false,
        "steppedLine": false,
        "targets": [
          {
            "expr": "gnatds_clients_in_bytes_total",
            "interval": "",
            "intervalFactor": 1,
            "legendFormat": "{{clientname}}",
            "metric": "gnatsd_varz_in_msgs",
            "refId": "A",
            "step": 10
          }
        ],
        "thresholds": [],
        "timeFrom": null,
        "timeRegions": [],
        "timeShift": null,
        "title": "NATS Clients Bytes In",
        "tooltip": {
          "msResolution": false,
          "shared": true,
          "sort": 0,
          "value_type": "cumulative"
        },
        "type": "graph",
        "xaxis": {
          "buckets": null,
          "mode": "time",
          "name": null,
          "show": true,
          "values": []
        },
        "yaxes": [
          {
            "format": "short",
            "label": null,
            "logBase": 1,
            "max": null,
            "min": null,
            "show": true
          },
          {
            "decimals": 0,
            "format": "short",
            "label": "",
            "logBase": 1,
            "max": null,
            "min": null,
            "show": true
          }
        ],
        "yaxis": {
          "align": false,
          "alignLevel": null
        }
      },
      {
        "aliasColors": {},
        "bars": false,
        "dashLength": 10,
        "dashes": false,
        "datasource": "Prometheus",
        "decimals": 0,
        "description": "The number of outgoing bytes separated out by client connection",
        "editable": true,
        "error": false,
        "fill": 1,
        "fillGradient": 0,
        "grid": {},
        "gridPos": {
          "h": 9,
          "w": 12,
          "x": 12,
          "y": 9
        },
        "hiddenSeries": false,
        "id": 8,
        "isNew": true,
        "legend": {
          "alignAsTable": true,
          "avg": false,
          "current": true,
          "max": false,
          "min": false,
          "rightSide": true,
          "show": true,
          "total": false,
          "values": true
        },
        "lines": true,
        "linewidth": 2,
        "links": [],
        "nullPointMode": "null as zero",
        "options": {
          "dataLinks": []
        },
        "percentage": false,
        "pointradius": 5,
        "points": false,
        "renderer": "flot",
        "seriesOverrides": [],
        "spaceLength": 10,
        "stack": false,
        "steppedLine": false,
        "targets": [
          {
            "expr": "gnatds_clients_out_bytes_total",
            "interval": "",
            "intervalFactor": 1,
            "legendFormat": "{{clientname}}",
            "metric": "gnatsd_varz_in_msgs",
            "refId": "A",
            "step": 10
          }
        ],
        "thresholds": [],
        "timeFrom": null,
        "timeRegions": [],
        "timeShift": null,
        "title": "NATS Clients Bytes Out",
        "tooltip": {
          "msResolution": false,
          "shared": true,
          "sort": 0,
          "value_type": "cumulative"
        },
        "type": "graph",
        "xaxis": {
          "buckets": null,
          "mode": "time",
          "name": null,
          "show": true,
          "values": []
        },
        "yaxes": [
          {
            "format": "short",
            "label": null,
            "logBase": 1,
            "max": null,
            "min": null,
            "show": true
          },
          {
            "decimals": 0,
            "format": "short",
            "label": "",
            "logBase": 1,
            "max": null,
            "min": null,
            "show": true
          }
        ],
        "yaxis": {
          "align": false,
          "alignLevel": null
        }
      },
      {
        "aliasColors": {},
        "bars": false,
        "dashLength": 10,
        "dashes": false,
        "datasource": "Prometheus",
        "decimals": 0,
        "description": "The number of pending bytes separated out by client connection",
        "editable": true,
        "error": false,
        "fill": 1,
        "fillGradient": 0,
        "grid": {},
        "gridPos": {
          "h": 9,
          "w": 12,
          "x": 0,
          "y": 18
        },
        "hiddenSeries": false,
        "id": 10,
        "isNew": true,
        "legend": {
          "alignAsTable": true,
          "avg": false,
          "current": true,
          "max": false,
          "min": false,
          "rightSide": true,
          "show": true,
          "total": false,
          "values": true
        },
        "lines": true,
        "linewidth": 2,
        "links": [],
        "nullPointMode": "null as zero",
        "options": {
          "dataLinks": []
        },
        "percentage": false,
        "pointradius": 5,
        "points": false,
        "renderer": "flot",
        "seriesOverrides": [],
        "spaceLength": 10,
        "stack": false,
        "steppedLine": false,
        "targets": [
          {
            "expr": "gnatds_clients_pending_bytes_total",
            "interval": "",
            "intervalFactor": 1,
            "legendFormat": "{{clientname}}",
            "metric": "gnatsd_varz_in_msgs",
            "refId": "A",
            "step": 10
          }
        ],
        "thresholds": [],
        "timeFrom": null,
        "timeRegions": [],
        "timeShift": null,
        "title": "NATS Clients Pending Bytes",
        "tooltip": {
          "msResolution": false,
          "shared": true,
          "sort": 0,
          "value_type": "cumulative"
        },
        "type": "graph",
        "xaxis": {
          "buckets": null,
          "mode": "time",
          "name": null,
          "show": true,
          "values": []
        },
        "yaxes": [
          {
            "format": "short",
            "label": null,
            "logBase": 1,
            "max": null,
            "min": null,
            "show": true
          },
          {
            "decimals": 0,
            "format": "short",
            "label": "",
            "logBase": 1,
            "max": null,
            "min": null,
            "show": true
          }
        ],
        "yaxis": {
          "align": false,
          "alignLevel": null
        }
      },
      {
        "aliasColors": {},
        "bars": false,
        "dashLength": 10,
        "dashes": false,
        "datasource": "Prometheus",
        "decimals": 0,
        "description": "The number of subscriptions separated out by client connection",
        "editable": true,
        "error": false,
        "fill": 1,
        "fillGradient": 0,
        "grid": {},
        "gridPos": {
          "h": 9,
          "w": 12,
          "x": 12,
          "y": 18
        },
        "hiddenSeries": false,
        "id": 12,
        "isNew": true,
        "legend": {
          "alignAsTable": true,
          "avg": false,
          "current": true,
          "max": false,
          "min": false,
          "rightSide": true,
          "show": true,
          "total": false,
          "values": true
        },
        "lines": true,
        "linewidth": 2,
        "links": [],
        "nullPointMode": "null as zero",
        "options": {
          "dataLinks": []
        },
        "percentage": false,
        "pointradius": 5,
        "points": false,
        "renderer": "flot",
        "seriesOverrides": [],
        "spaceLength": 10,
        "stack": false,
        "steppedLine": false,
        "targets": [
          {
            "expr": "gnatds_clients_subscriptions_total",
            "interval": "",
            "intervalFactor": 1,
            "legendFormat": "{{clientname}}",
            "metric": "gnatsd_varz_in_msgs",
            "refId": "A",
            "step": 10
          }
        ],
        "thresholds": [],
        "timeFrom": null,
        "timeRegions": [],
        "timeShift": null,
        "title": "NATS Clients Subscriptions",
        "tooltip": {
          "msResolution": false,
          "shared": true,
          "sort": 0,
          "value_type": "cumulative"
        },
        "type": "graph",
        "xaxis": {
          "buckets": null,
          "mode": "time",
          "name": null,
          "show": true,
          "values": []
        },
        "yaxes": [
          {
            "format": "short",
            "label": null,
            "logBase": 1,
            "max": null,
            "min": null,
            "show": true
          },
          {
            "decimals": 0,
            "format": "short",
            "label": "",
            "logBase": 1,
            "max": null,
            "min": null,
            "show": true
          }
        ],
        "yaxis": {
          "align": false,
          "alignLevel": null
        }
      }
    ],
    "refresh": "30s",
    "schemaVersion": 22,
    "style": "dark",
    "tags": [],
    "templating": {
      "list": []
    },
    "time": {
      "from": "now-6h",
      "to": "now"
    },
    "timepicker": {},
    "timezone": "",
    "title": "OpenRMF Professional NATS Client Connection Dashboard",
    "variables": {
      "list": []
    },
    "version": 6
  }